"","Variable","Number_of_Regulated_Clusters","Top_10_Regulated_Clusters","p_value_ajusted"
"1","AGE + TRISCHD",2,"Mophological.cluster.G4_21	Mophological.cluster.G4_22","0.00476235522737778	0.00476235522737778"
"2","SEX",2,"Mophological.cluster.G4_3	Mophological.cluster.G4_4","0.00110082540071283	0.00509738294594174"
"3","WGHT+BMI",5,"Mophological.cluster.G4_4	Mophological.cluster.G4_6	Mophological.cluster.G4_13	Mophological.cluster.G4_21	Mophological.cluster.G4_27","0.0069733061586138	0.00167369380713785	0.00167369380713785	0.00167369380713785	0.00167369380713785"
"4","HGHT",8,"Mophological.cluster.G4_3	Mophological.cluster.G4_6	Mophological.cluster.G4_13	Mophological.cluster.G4_21	Mophological.cluster.G4_22	Mophological.cluster.G4_24	Mophological.cluster.G4_27	Mophological.cluster.G4_29","0.0107633299474411	0.00179137456745426	0.000448291613427967	0.000553907497822535	0.0242407862943117	0.00036022130361464	0.00089445905308997	0.0262045195614712"
"5","DTHHRDY",3,"Mophological.cluster.G4_10	Mophological.cluster.G4_16	Mophological.cluster.G4_24","0.0382637955461804	0.000109965846161277	0.00710912675460382"
"6","DTHVNT",10,"Mophological.cluster.G4_0	Mophological.cluster.G4_2	Mophological.cluster.G4_3	Mophological.cluster.G4_9	Mophological.cluster.G4_11	Mophological.cluster.G4_13	Mophological.cluster.G4_16	Mophological.cluster.G4_17	Mophological.cluster.G4_21	Mophological.cluster.G4_24","0.0151141929352892	0.0115524361463918	0.0138970104329656	0.0100051614473682	0.01687929921258	0.0138970104329656	0.0113209739603897	0.0100051614473682	0.0180344044321709	0.0138970104329656"
